label,feature 1,feature 2
cat,0.715278974,-1.545400292
dog,0.5,-0.720085561
dog,0.5,0.004291431
cat,0.43302619,1.203037374
