col 1,col 2,col 3
1.331586504129518,0.7152789743984055,-1.5454002921112682
-0.008383849928522256,0.5,-0.7200855607188968
0.2655115856921195,0.5,0.004291430934033236
-0.17460021059294129,0.43302618995359793,1.203037373812212
