label,feature 1,feature 2
"spam",0.7152789743984055,-1.5454002921112682
"not spam",0.5,-0.7200855607188968
"not spam",0.5,0.004291430934033236
"spam",0.43302618995359793,1.203037373812212
